280.776,280.776,252.4194,249.7007,277.137
235.7228,263.8438,277.4582,236.9115,336.0159
224.4077,228.5856,246.7589,249.9432,248.4691
247.1351,247.1351,247.1351,247.1351,253.4668
254.1598,260.5592,260.154,224.62,247.4617
250.0498,236.8969,220.1932,226.6259,241.5117
240.5425,249.2052,250.1046,248.8326,253.4554
254.9181,235.3824,234.4538,226.0921,231.4599
227.6759,217.2242,242.029,221.3695,209.9491
218.0939,216.6069,222.801,238.2845,235.0832
254.1974,244.8737,240.6374,222.2327,244.3245
243.0795,221.9337,235.9824,231.6725,228.1109
240.7722,242.8849,260.1652,272.9599,266.6965
253.8025,249.5807,243.9886,231.099,229.0227
235.6408,248.908,234.216,264.4621,277.6393
250.975,245.9155,231.4615,233.7316,238.504
260.6401,264.3358,236.3356,234.6442,219.9231
236.0814,254.7011,264.0497,265.3113,260.8976
254.3247,227.5549,229.034,232.1079,234.4057
231.8523,226.2702,231.0178,234.9662,247.1101
255.9498,259.718,233.6589,257.2996,242.072
239.411,255.3915,247.5589,233.8851,234.1593
232.6266,230.6569,243.395,247.28,237.4184
254.6713,233.1188,245.2683,260.7104,246.5482
223.2836,221.6996,220.984,215.8293,250.5515
246.2003,263.4828,230.3711,240.3295,250.3579
237.1816,237.5941,242.4028,234.9218,223.4317
228.6314,250.8156,242.6428,219.6795,235.3784
231.4222,231.9101,223.149,234.1783,250.5023
239.9339,238.4963,230.4566,239.6063,224.8169
241.8454,244.7071,239.5653,223.8568,216.5854
216.4264,230.3806,234.2536,259.1226,257.2888
235.7981,250.7687,249.8667,237.2498,238.1112
244.959,234.1372,247.1759,267.3559,272.1852
237.1481,230.2914,214.757,243.177,261.0758
239.7459,245.9655,256.4917,239.1403,226.9777
232.3677,228.0776,257.5075,280.0323,205.9974
227.117,199.0867,206.9833,270.3027,282.7133
255.4921,259.5562,224.2155,221.5014,171.2813
91.35907,91.35907,91.35907,91.35907,99.41671
99.41671,99.41671,195.2356,211.7291,198.1012
208.6891,208.6891,226.3183,203.9,187.5286
147.2171,230.9494,208.2315,242.9268,185.582
180.864,201.9831,209.008,212.5793,219.0874
191.218,207.4715,206.3057,228.5937,231.9908
243.4173,256.9254,251.4879,236.9884,218.6144
211.3416,210.1962,204.5845,194.8468,177.6872
207.5541,199.7663,201.5473,202.7292,215.313
205.922,199.7596,176.0272,184.6185,188.7409
193.0347,196.643,192.3338,182.8986,178.8765
172.0591,173.8118,178.2559,192.435,188.9621
174.2708,165.9784,182.5912,186.6961,181.3434
201.5021,201.3934,195.1019,197.5672,188.7082
187.6719,198.6822,199.4776,206.4588,213.2251
214.8537,219.5979,215.2095,213.9995,210.0311
198.3096,208.3561,203.407,212.0399,219.4248
206.4253,203.6093,211.6766,220.5947,228.7382
221.9555,233.4849,234.1537,219.2391,240.2828
239.978,268.9436,242.9159,219.6088,209.3307
213.8165,213.3123,222.1371,219.4633,296.455
289.2392,290.2316,167.7114,166.7685,138.5453
157.837,177.9174,239.2053,239.2053,134.5475
171.655,151.7195,187.1235,159.0356,168.9442
191.3341,201.9645,200.2219,202.9076,197.7642
233.4706,235.5459,221.1063,218.4926,234.8958
230.8882,211.0927,208.567,231.3236,226.9998
232.8594,235.3494,227.1375,230.3127,220.7357
208.5407,209.8048,195.5934,198.4433,193.7044
213.5995,230.8508,222.5696,231.0768,231.8683
213.3058,217.9194,203.8156,228.2572,228.9287
223.309,223.4061,218.4281,210.2744,218.2087
225.7128,231.4761,212.7163,213.3162,215.004
211.7454,213.9764,200.4139,186.7129,225.342
224.901,233.4574,218.3454,222.789,235.9403
232.1294,225.3645,235.8931,231.8728,227.8047
227.3223,253.8365,235.9505,213.6728,229.2502
237.331,229.4082,228.8244,219.6088,216.9855
213.773,214.2644,232.843,230.9646,245.6468
224.2723,226.5285,243.2581,227.3342,267.4554
251.6712,226.7536,263.6623,255.0466,270.6486
236.1795,266.7301,251.2159,252.6609,251.8821
298.3094,208.7764,208.7764,208.7764,208.7764
243.67,243.6897,229.2442,242.8346,237.3532
226.255,199.9371,212.2683,207.7223,219.5806
301.0624,291.2013,214.9822,224.1264,233.7653
241.2889,234.1942,218.2309,221.3761,251.5985
210.6681,213.1746,219.6948,217.2615,259.4564
230.5354,229.623,245.2896,224.791,218.251
225.9753,218.2541,237.1045,239.7011,239.5912
219.8314,224.8693,221.7696,218.2107,249.3698
218.4765,215.9796,219.4132,232.2924,218.349
247.4926,234.7308,241.4061,237.3096,237.7855
231.8911,220.4065,218.1528,225.5788,256.9471
254.7783,247.8092,246.9566,232.2571,219.5584
214.9175,230.4207,226.5732,220.6902,219.7597
231.7212,231.6361,226.0212,228.6611,243.3155
257.792,258.84,264.7563,270.0774,219.0127
217.8154,238.1021,237.6091,237.6534,233.4674
242.5911,225.1816,225.4665,231.6714,230.6897
231.6778,230.4967,233.582,244.4213,243.9005
237.863,230.0061,237.4404,237.6775,241.6352
214.7002,213.8569,214.813,219.7195,205.1171
215.5203,229.6411,232.9299,255.9683,273.9694
245.5883,233.6186,240.0448,249.9772,227.6574
226.8207,228.6746,223.4753,219.333,267.6433
263.9081,324.5465,329.1695,329.2132,216.8236
214.6993,211.0192,153.6352,171.9858,180.1188
116.8951,238.7884,252.0375,230.728,196.4148
250.1937,252.5177,244.9919,231.0947,229.8341
230.0569,224.6481,216.2521,207.8396,226.244
226.6585,224.8859,231.1904,227.0028,260.3628
232.4306,237.9752,228.0357,215.3591,223.4778
221.753,213.9209,227.532,229.5743,211.6393
222.9545,214.5489,214.9912,218.6175,240.2603
222.1438,230.7029,302.3662,330.8432,334.276
334.276,334.276,334.276,334.276,69.4407
99.41671,99.41671,99.41671,99.41671,182.8582
182.8582,187.7089,166.0513,144.0747,193.6003
185.2311,194.128,152.8441,157.442,153.7144
150.6691,150.0651,183.7707,154.9955,221.8106
334.3513,175.2185,184.0638,180.9691,168.1746
176.3242,181.1186,176.2698,187.8581,184.4133
238.0508,238.3992,230.1808,211.6907,211.2908
214.6781,231.7764,186.5304,176.3516,208.4763
206.457,172.1141,244.7801,251.5718,243.6115
252.0665,253.9077,233.8965,240.8852,247.427
255.5239,238.5999,258.9707,252.4868,250.9673
241.9564,267.0696,236.0444,223.4944,233.5521
239.1382,242.9758,247.057,245.3601,254.7038
251.3889,243.4287,226.4155,226.2972,228.2348
242.127,244.1414,240.9373,253.261,250.3974
241.356,246.9228,246.6126,260.6414,244.1631
256.1931,200.772,188.1852,187.9747,265.4303
268.8308,262.2576,212.985,196.1147,268.4486
265.9008,274.2108,252.0715,194.0854,183.2811
188.288,196.4993,197.5655,198.8848,206.0161
193.0445,255.6857,250.0232,247.5228,253.7605
243.2525,247.6197,252.596,252.6742,234.5786
241.9889,223.7189,239.3386,262.5561,276.1763
287.7593,268.8547,238.7644,237.6918,249.3593
234.9939,246.947,259.9286,249.4184,237.5802
247.5871,263.5879,260.5356,227.5398,243.7487
298.4677,289.2777,308.0274,310.5999,310.4656
213.0587,203.7952,213.5887,224.1061,217.209
202.8953,202.8953,202.8953,252.7795,252.7795
226.5538,196.9273,196.9273,196.9273,283.7725
177.7137,190.8365,182.5746,194.7383,185.7168
213.5576,214.02,316.3815,226.5538,196.9273
193.8328,233.5237,215.2732,228.7222,224.441
244.942,166.0726,312.0193,312.0193,312.0193
312.0193,252.4245,252.4245,238.2685,272.2987
252.4815,247.257,268.3676,255.9828,246.869
212.3761,217.9412,204.0585,215.4402,296.7097
291.3798,232.1405,256.4058,242.7394,245.4305
239.5055,235.164,228.8879,210.813,222.2443
235.7283,230.8494,242.5183,242.1148,236.5327
241.2952,241.4543,245.0238,226.5995,228.0193
229.809,210.1149,235.1977,228.9105,242.3779
230.4273,240.1343,245.6724,242.8022,235.0082
247.6952,231.0433,242.8232,245.7817,268.8465
265.9101,255.4443,229.8245,231.447,214.5651
218.5146,223.1849,233.1324,234.0941,239.2631
246.3982,248.9673,265.6773,241.7895,246.9905
236.435,254.1563,238.9464,255.7973,250.4618
251.3436,226.4903,255.8245,265.1403,257.2047
264.5643,213.1416,213.1416,213.1416,253.4561
213.1416,220.6712,239.5343,263.7039,245.1083
247.6816,242.0759,265.9445,266.3872,254.7513
254.3059,252.7353,244.7013,238.1047,226.4826
215.016,209.8076,247.9973,248.8326,249.0415
254.7193,260.2277,270.5057,270.2838,281.5811
277.0744,261.8182,247.9061,244.0188,218.3458
230.5876,236.5602,258.2837,263.3979,236.4019
237.2759,238.3786,241.9445,245.5539,253.7397
239.202,241.0263,241.8638,236.2961,232.1237
253.4139,254.9843,234.613,234.1049,246.469
247.5092,235.3449,236.8519,234.2626,241.599
232.6063,241.1583,235.4956,244.9243,234.2722
251.494,242.5795,245.5123,252.2781,261.725
232.9364,232.6044,229.6242,242.4003,248.4852
243.331,257.6329,255.1811,248.452,234.5319
252.0647,246.5948,243.2228,234.5325,240.0695
251.4828,268.3117,268.6647,255.5071,233.1186
238.9735,238.0383,232.1888,245.4383,225.033
222.661,207.8966,250.6293,245.9917,248.0329
260.1444,229.2815,229.2815,201.0258,260.4649
189.1734,192.6539,199.2591,270.1632,273.9495
264.9232,251.1311,264.1817,261.7267,244.2717
233.9814,259.0216,278.8916,258.4701,260.9543
213.4304,226.4324,241.9339,226.3231,235.8789
268.4179,268.4179,120.3086,166.329,187.0153
240.0153,250.1142,243.9704,244.1735,230.7595
261.3231,214.9305,227.9405,238.6787,245.1895
261.1175,260.3741,233.4558,233.3821,220.001
205.977,226.3716,217.8124,246.917,242.9702
243.8566,244.7902,219.8769,240.4016,240.0944
220.1423,219.3678,232.2756,236.5225,229.4588
251.5366,223.2632,239.2595,241.9733,233.91
227.5502,222.139,238.1585,248.4458,263.6306
246.6867,244.3724,232.6192,223.9097,261.4163
247.6159,216.3919,219.7776,246.1193,225.9785
224.2362,209.241,216.0156,214.2004,221.8077
216.9623,220.1049,218.9756,244.4332,246.9858
237.2688,222.7572,227.1013,220.7087,220.3643
227.0514,223.4476,239.2281,231.4848,241.3588
245.1407,228.2893,241.16,225.558,221.3196
224.2788,229.6136,208.8369,223.6568,246.0069
234.4344,262.0083,242.3904,222.3518,214.7784
239.0798,254.6519,248.2331,265.0302,248.1327
252.9725,235.7559,234.665,241.9102,212.8644
254.408,263.4199,256.6017,246.6181,228.3177
239.9958,252.1221,247.2716,232.001,229.4241
221.5765,242.5547,238.2895,232.6322,247.8315
251.25,236.0521,239.8976,221.8201,210.4462
228.6299,241.974,234.5931,244.1749,241.4308
235.1416,231.9249,220.6012,222.897,234.0125
240.7599,241.886,243.8127,235.14,231.5532
233.6551,230.6232,221.221,222.935,197.4907
197.0113,217.9444,224.722,224.3964,217.4378
211.3315,198.3563,196.175,181.3419,204.8479
208.6998,227.6066,246.5236,239.4977,238.038
207.6865,208.4956,234.747,244.0086,277.137
277.137,223.7193,241.3285,234.6844,262.6225
238.2081,251.3365,235.064,269.8835,217.596
217.8851,199.8245,220.6941,200.7235,203.4336
198.3287,200.3057,201.8109,215.5806,209.4331
213.2479,212.5855,201.9541,209.8022,201.072
196.2876,194.649,190.0421,239.7652,239.7357
215.9388,209.4118,206.5108,200.6039,214.0495
212.6764,202.3887,205.5958,208.1626,223.8607
226.1752,214.2269,218.2949,215.6986,226.6594
212.0962,215.8162,199.2391,204.3941,236.0171
229.4955,210.506,222.5232,215.9928,219.7457
228.1995,216.7208,199.0403,206.9457,222.8395
227.8449,225.2948,234.7411,218.2729,207.8268
226.2691,222.9965,215.9181,222.3642,203.4177
206.491,211.7015,229.0595,219.4085,217.1832
217.9124,223.7942,248.012,229.3247,203.4483
208.2286,205.4775,230.0792,242.0212,239.6284
235.9918,232.6782,227.7972,221.8843,219.0475
227.3193,225.2442,213.7139,244.8865,247.2173
235.7837,221.3924,220.8899,219.071,219.0871
233.5855,234.4452,214.7811,215.0175,213.7233
217.7331,233.5191,237.6072,230.1418,232.7918
245.7171,233.043,212.396,215.224,210.9986
206.5212,236.2507,226.8269,231.747,223.7827
228.1685,207.1982,222.0613,212.3029,218.5624
199.4451,227.029,215.8219,217.0183,233.6325
230.4468,222.2627,230.1152,222.1411,207.8346
211.9742,223.2708,235.2424,240.8406,233.5979
225.3247,245.1876,225.2741,219.3701,224.9497
220.1942,211.6116,241.9207,238.5804,219.6709
245.3121,226.8335,241.956,230.5482,276.0107
266.7072,249.8332,256.5803,254.8368,260.8044
252.774,226.2314,229.594,236.7545,252.0309
252.2089,235.5121,217.9285,238.2533,232.2029
238.0791,246.7905,285.6303,291.6743,320.369
265.1458,296.7414,257.0651,239.4016,229.2528
228.2179,227.0519,237.6922,262.8229,236.2312
234.2349,236.4699,226.9196,244.2936,236.7572
250.6173,235.1536,223.6956,230.059,239.1395
227.3319,223.4767,218.7992,250.1198,242.976
225.675,230.1535,201.695,224.1274,244.3804
240.585,256.2668,255.3297,219.2183,219.6549
239.0882,250.5849,229.2471,229.3613,232.5445
227.2186,209.0198,205.4957,233.7583,215.1692
209.8041,213.6409,244.7496,231.0288,237.776
230.8857,229.4642,255.5336,250.7082,213.7693
220.462,211.7015,213.6195,244.6072,256.3251
238.573,231.6075,253.9307,243.3494,246.5475
223.0208,210.0048,229.6577,215.7113,233.4415
218.8558,225.3814,231.9723,242.2544,234.0478
220.9457,223.0545,242.4071,239.478,231.9109
234.3841,233.2517,226.5777,239.6838,231.5141
227.2972,223.3676,229.4472,236.1132,238.7153
241.4578,222.5501,238.5923,241.8768,225.5975
215.5744,212.1477,213.6521,217.5562,228.0483
243.5433,236.9481,240.0718,217.1325,231.2664
232.5116,227.5033,199.5639,217.2084,233.9697
230.9773,236.6251,246.4169,202.2105,226.9798
242.6318,219.0929,212.685,212.8195,214.9425
221.6117,231.7656,219.9375,217.993,218.4616
223.1532,212.4109,213.9824,200.8611,216.5978
224.7818,232.5875,221.4548,235.0704,226.0912
241.1107,226.905,222.7531,192.9732,197.6566
211.8374,225.5933,230.8398,221.5931,205.8669
228.1947,227.4858,235.4121,211.0767,224.1448
232.7254,199.5055,187.1762,184.1548,239.1716
259.5962,208.842,241.6809,208.842,208.842
208.842,241.6809,241.6809,175.4145,179.3493
191.5771,201.8048,229.8727,227.8979,247.3077
250.5369,255.9983,234.9541,242.4128,233.8056
245.8549,227.7982,222.0222,223.1346,242.4156
235.067,246.0186,236.9071,218.7076,234.7028
236.3796,214.082,216.9863,233.3758,260.6635
256.3956,238.575,229.1743,211.2281,225.9861
229.5673,217.7409,215.6508,215.6034,255.9239
227.9103,229.5297,223.0539,225.1057,215.6299
230.1014,215.823,213.9022,206.1202,225.6428
238.7144,247.0449,224.6403,224.1122,236.4669
230.1646,230.4313,220.7854,221.1422,222.0912
249.7217,243.0479,239.7145,233.5959,237.5897
238.244,238.0117,228.3061,226.0232,245.1279
230.465,237.2586,235.4113,226.0858,243.5139
248.5664,234.5106,236.0133,235.8691,214.7568
215.3631,239.0905,227.3302,227.9307,234.3877
230.6834,216.3347,214.2538,214.7903,207.2384
225.017,248.4776,226.8291,235.4229,247.2857
240.1717,229.2967,227.6945,227.1469,213.9077
219.4716,221.8974,230.9729,231.8942,247.7068
228.7283,232.5246,237.6005,233.1565,226.2993
213.9979,221.7951,227.8789,241.3727,233.1144
233.1968,230.8217,228.3409,234.7753,235.3941
223.4044,223.2995,224.1209,232.7516,240.7108
236.9328,234.1719,224.0817,229.1467,223.6219
224.3129,212.5692,214.7737,219.0255,236.4857
218.7351,228.422,231.4392,238.2637,218.8725
226.6744,227.5791,226.041,236.0987,246.907
246.5362,244.2028,231.2595,217.0628,227.7181
245.4922,232.7004,214.8176,236.2492,299.3019
344.1657,308.5999,278.1261,278.3358,258.1161
235.692,244.1674,223.1258,237.3686,242.9865
242.9865,254.2566,254.2566,222.4292,238.1301
238.1301,222.7172,253.6913,266.185,272.8659
288.9383,222.4292,238.1301,218.3939,226.4384
253.6913,272.8659,255.9493,326.2927,341.2608
279.9582,223.8578,235.067,240.1618,228.6019
240.4776,232.3465,229.5791,258.9034,239.4789
231.3874,225.0655,228.1514,234.8239,227.4897
222.7636,235.8028,224.266,221.4274,220.8789
216.0439,234.0352,246.9969,236.6293,239.2431
245.8349,233.9638,226.6352,222.6194,224.1169
224.125,222.9217,203.3295,223.3665,222.4682
230.1322,238.4337,237.2765,208.5181,209.7293
226.2013,210.7782,215.3593,212.5773,227.0244
218.8503,220.0025,241.5006,197.0456,227.4974
222.742,235.4421,233.8335,233.3319,210.3024
228.8006,221.6615,237.4568,236.7664,204.7087
237.7445,240.9321,231.4197,226.5669,231.5403
215.5159,211.9163,241.7567,243.3899,246.1234
258.8054,217.4584,206.9645,217.0629,220.7273
209.1987,221.195,228.7877,208.2718,222.3993
219.9647,233.9969,218.5788,226.5047,213.9075
213.7551,202.4463,227.8001,219.9815,213.3313
232.9512,226.47,221.7156,211.2479,228.869
203.2745,212.8938,248.242,200.0596,214.4888
233.0534,217.8752,223.3772,238.6719,232.2017
237.0749,232.5973,236.3062,232.9865,232.6249
231.0188,231.1515,238.3164,200.971,227.4779
220.812,211.0397,231.3999,232.4817,215.8166
212.8358,220.2942,223.9749,227.6885,230.5662
233.2067,231.6994,238.3242,209.2785,211.1946
206.5711,224.216,231.3089,226.163,217.9959
206.054,219.0166,218.8641,231.956,245.4683
229.5688,222.4162,243.764,215.2862,228.9549
248.6894,265.6872,261.9054,257.6993,239.9105
228.6387,238.3608,214.0436,149.0856,149.0856
232.954,250.8987,250.8987,112.8547,157.3073
201.8746,188.056,234.1578,231.2648,229.4995
230.3451,249.5183,260.6982,262.0623,279.4856
247.9933,245.5712,242.2476,248.4132,225.6072
205.3917,231.8382,219.5574,229.8365,216.8639
217.5163,205.8898,245.1799,237.5546,239.5553
234.07,234.5659,226.2971,224.1622,227.581
246.4217,228.3665,226.5448,239.4185,232.949
224.0876,216.4173,208.6681,224.7272,210.9745
203.0721,204.1529,213.8827,216.1556,228.9637
231.2307,230.6459,233.687,200.9092,203.9445
207.3175,215.7092,225.9627,222.9517,232.0452
233.1598,212.8201,214.5791,248.4113,229.4299
235.3771,233.9862,228.71,228.7012,231.7158
233.2325,231.9545,237.6155,227.3203,219.6017
223.3705,218.9419,258.7362,223.7114,229.6312
233.3008,224.0482,211.7431,218.4074,205.8004
212.1492,224.291,233.7019,235.9495,226.0419
225.2108,206.5038,234.3482,211.3784,234.4149
241.9018,247.4709,236.3012,243.054,239.997
250.5754,251.196,250.7094,239.274,225.4308
222.1627,257.6614,251.1966,253.5594,251.7798
238.1383,225.022,242.1556,231.0116,227.8075
266.6055,284.8767,262.6094,241.492,227.0254
246.2052,244.7772,232.5681,235.4504,240.0698
236.9968,228.595,234.717,229.8214,210.6603
205.7571,215.1657,231.1146,218.1491,212.2939
239.4335,251.5483,259.8008,260.2628,243.9429
229.7622,229.3888,242.6581,209.4011,223.9278
224.5247,231.9553,223.248,227.46,241.242
234.3906,238.2593,296.6448,329.2026,303.2911
274.8004,264.9327,248.7858,271.0951,253.8617
229.9448,233.26,250.915,220.1672,197.2879
252.1566,260.7669,221.5217,248.5902,261.026
260.5492,226.4642,255.6654,272.6434,226.235
239.1184,230.6013,223.9112,226.6589,236.0452
227.7339,214.4495,223.4294,221.1554,214.4356
213.8694,225.5479,229.4128,229.2083,231.9411
220.0863,214.8581,242.0438,202.7101,203.2276
212.8848,219.9355,240.8601,227.516,236.4445
234.4133,226.2166,210.1046,209.9039,232.3043
226.406,218.4241,213.4976,215.4746,244.5462
242.4015,228.72,228.9521,222.7202,207.0475
215.3632,226.6033,229.1931,243.6136,246.5589
234.2385,229.2453,226.1805,223.7933,229.3401
215.9236,218.9534,230.3594,240.6002,239.9906
229.0942,234.2797,211.8108,225.609,222.961
219.1567,209.7214,206.0177,231.464,245.4854
239.2659,241.4938,238.9504,232.6576,232.4773
215.5835,212.4798,222.3149,207.2371,220.08
229.3153,230.7026,225.5122,235.1378,227.1442
222.7134,239.6288,228.6416,219.0419,224.7902
237.0576,226.1554,247.6764,229.5733,239.8477
213.728,203.46,211.6681,210.3269,212.8748
233.3624,243.8854,225.5165,227.6689,218.5696
232.9737,230.6029,229.4194,198.8749,220.0766
220.7712,203.9707,218.877,225.5956,228.1979
221.3462,212.3658,206.3772,222.4118,207.3131
227.7134,187.5536,215.7127,231.8972,228.0016
232.9724,236.5201,220.7446,220.4187,207.4093
215.063,222.5897,223.9748,217.9106,215.6918
202.8027,247.8657,203.1829,211.0842,199.7444
199.7095,207.703,226.3723,226.5235,243.3124
259.6228,244.2747,228.1814,224.691,230.6525
227.511,214.484,197.287,200.2722,190.8377
149.4639,240.7965,240.7965,236.4721,236.4721
174.8827,197.0066,197.9107,247.1222,246.8319
246.7564,240.3551,239.6655,263.4152,257.1981
257.1059,230.7143,237.5378,197.4506,210.396
228.2791,227.0204,213.2325,224.6339,213.9834
217.6469,211.5183,219.7699,202.8155,225.8145
232.6581,245.8498,255.2066,241.0975,227.8079
212.6136,216.7931,218.299,220.0827,221.7954
211.2748,233.8493,228.3367,217.4587,216.8622
221.8719,225.2587,217.571,241.895,203.0539
204.2353,209.7888,223.9541,220.7723,226.4637
211.7018,209.0029,209.197,219.4662,197.0038
225.4958,211.131,224.2733,237.1967,219.8012
199.2846,202.8194,209.9392,211.0413,222.3888
221.8893,203.6804,190.4065,206.2864,199.2888
203.2268,211.6869,205.509,210.4917,220.8389
223.5685,201.9789,198.8994,198.6653,225.1955
235.0204,231.9494,233.0922,203.1473,232.2269
224.8765,223.4991,219.3638,198.7136,232.6945
230.4125,221.6034,215.5435,229.2521,204.4057
210.3706,210.8023,208.0316,198.3069,206.5605
205.6375,224.4207,223.9759,220.0587,225.3192
225.9262,212.7197,203.8148,202.687,210.6542
223.3166,227.9124,228.6125,210.8096,214.2525
214.0728,226.6156,221.9567,226.3679,215.5391
225.6418,218.562,223.884,236.7766,213.2367
212.9658,219.1074,214.9622,207.03,202.2108
192.7551,211.936,209.2291,223.4222,212.2958
212.6582,216.6278,213.3998,200.939,218.6477
197.7708,200.1634,217.7755,229.1573,223.4289
219.9403,212.6713,214.2213,225.2218,229.9773
233.8531,307.2561,301.2136,276.5852,268.4205
265.1117,257.6036,260.1833,239.7616,217.0088
238.1598,219.3865,225.8051,225.8051,234.1592
222.6418,181.6489,223.0067,247.4642,250.4018
263.2836,315.0323,331.3597,290.233,229.1725
232.8073,239.2774,222.3364,218.965,232.8897
233.8506,232.7712,215.9605,238.2243,239.9565
223.4135,223.0903,252.1442,218.5352,220.6094
215.103,214.2187,208.9172,234.7066,232.5386
222.0506,232.9862,237.3387,198.016,210.303
211.3795,210.8743,237.9766,225.8294,235.5408
216.5807,223.7907,229.745,219.1811,201.466
233.9741,227.8763,240.5244,224.7939,232.0218
215.4066,225.2426,213.128,250.391,252.6592
216.8719,227.7164,217.8158,230.1211,230.9507
213.755,214.2809,216.4012,236.1725,223.758
224.9954,224.2233,238.9665,227.6121,228.9703
215.8333,220.0162,212.6276,205.582,244.1479
243.1257,241.6355,232.5793,222.6264,216.8999
229.1964,219.1247,226.3071,202.3686,219.7148
209.7588,223.2272,202.3417,199.5464,242.8936
203.26,226.2457,217.108,210.8451,204.3427
239.6291,224.9081,223.6866,229.7981,233.3322
216.5081,219.9711,211.2337,202.9181,223.7739
224.5577,237.6562,216.9551,209.9366,215.2527
209.4799,206.2032,201.8741,214.0141,217.5643
214.5489,208.4692,212.4479,232.6994,220.2893
222.3095,212.7207,212.9251,222.6653,201.5123
237.8866,227.6885,218.7019,216.7758,229.1163
224.5009,229.4768,225.8497,256.2479,236.3912
255.194,224.1463,216.3362,208.6521,213.6488
224.6865,221.2114,230.182,234.8093,240.6916
237.5341,220.643,204.4572,211.97,210.5773
246.6656,253.1157,253.937,256.0952,248.3442
246.3483,251.2131,232.2344,207.7277,205.6905
192.5428,169.7326,148.9606,221.7159,221.7159
222.2563,202.7208,232.5322,221.1334,245.1353
240.8759,236.4836,225.4367,231.7324,225.5041
233.881,250.2479,282.6252,262.1335,241.0776
229.1862,225.3874,240.3368,215.3877,222.6978
233.8669,231.0306,221.8111,222.1032,218.6636
214.8259,216.7668,235.0973,236.2386,234.7943
218.363,216.0386,207.1656,233.2518,238.0725
210.818,215.6789,227.8849,225.5696,224.6722
228.2318,227.9329,211.4144,232.4968,228.2524
216.4519,216.8381,206.3731,201.3366,223.2627
226.6529,233.5137,238.973,216.9127,219.7978
209.4315,211.4079,220.0347,209.7423,223.2763
224.9024,229.1736,218.5474,212.8981,219.0552
225.2344,208.3397,207.9139,203.8885,207.4942
205.2235,217.9149,220.6076,210.0147,229.4561
229.2395,214.5084,221.5772,206.0757,198.4125
209.0677,219.6479,228.3471,230.397,228.9027
228.0631,234.3424,230.8878,209.9562,205.9243
218.93,209.586,224.1808,237.9021,232.9388
222.2555,233.2542,225.3054,228.8194,225.4041
228.3063,211.6976,218.2522,219.7967,229.1054
233.7997,239.0283,226.371,217.2691,219.4328
204.5482,221.3416,221.6961,218.3964,237.3061
233.7081,223.4424,235.7066,224.8159,217.2479
238.3906,242.3513,218.0098,215.367,207.5892
215.644,230.5437,238.1198,223.7429,218.7909
215.7781,214.5576,202.9333,208.0165,207.0688
205.2071,236.0348,230.4612,224.47,234.9726
220.0291,213.1215,224.0418,230.7604,218.5605
219.735,217.1333,226.3084,231.0662,228.1775
222.5119,213.5999,289.5799,271.1474,273.1319
269.9806,239.4238,220.8732,244.3495,239.5837
229.9572,239.5203,224.0764,287.1353,229.1726
236.0393,213.8924,217.522,213.765,250.6022
267.5291,291.2761,286.2704,291.6505,299.5223
301.8992,306.5427,241.4698,249.2689,232.6399
237.6661,251.1179,238.3988,249.3286,265.0462
262.2498,248.8557,258.5229,219.9454,243.1191
244.2899,245.662,248.0629,253.9489,256.2777
253.0686,241.4246,208.2287,220.8288,246.795
247.4932,243.5957,256.113,211.1235,261.571
257.1023,225.6511,237.5725,246.0131,245.763
255.1908,245.0007,227.0198,249.8321,264.3259
252.8603,261.7899,233.3213,244.692,253.7959
246.6903,239.8242,250.7071,260.6877,249.9217
255.7297,252.234,254.8434,243.2095,249.4637
276.6356,250.041,258.5515,259.2333,268.0477
237.1097,218.7687,222.2857,235.4883,236.5003
262.4638,271.4695,256.4959,274.8336,285.5207
287.7933,270.1555,251.3507,218.6068,234.7853
258.0008,247.9449,260.8387,210.5555,243.8198
230.9234,228.2201,240.0016,253.3762,247.8595
245.9318,237.7106,233.4502,243.9579,245.1242
233.4963,234.0586,214.9849,223.1485,249.1354
257.7705,249.3848,252.2657,243.9246,239.4433
236.0413,215.9619,205.3012,214.0537,226.1118
241.9072,242.5721,235.3335,212.1856,212.0606
229.3643,236.9777,229.8472,239.0309,240.504
244.2853,239.7491,251.2527,249.2106,243.9189
224.3057,219.7472,240.1732,245.0491,253.4173
248.923,264.9962,268.8457,253.7902,269.7362
235.1163,249.0477,235.0425,237.5849,238.1933
238.0684,241.1326,232.4384,230.5809,203.8442
228.9634,234.1523,257.651,263.1528,268.1948
266.3764,231.7074,272.6229,268.9284,246.6366
238.7949,231.4451,232.2489,238.8982,244.6255
242.1535,242.1535,134.5756,185.2111,193.2875
208.655,235.8818,261.0433,246.6705,256.4758
262.8588,264.9279,217.1557,255.4643,239.0243
224.6563,243.2832,253.0772,238.7428,258.6442
248.3439,236.6939,241.6559,237.1987,229.125
230.0552,220.2667,240.8215,242.2092,252.1206
238.5536,234.6521,233.9561,219.7262,233.1961
217.5825,219.4676,203.2817,243.4276,231.5789
245.7901,234.5414,232.7579,226.216,236.0561
219.5683,226.2352,215.4248,216.2384,233.7265
252.7217,236.2238,229.5414,227.3496,242.7488
230.9047,236.2619,254.068,212.076,238.5481
238.9989,242.5742,238.6357,233.0087,239.0789
240.1537,230.7648,221.735,221.899,216.7489
249.8682,247.518,238.5412,231.2938,231.72
221.8626,229.6523,227.2717,222.015,221.2392
228.5625,231.4763,232.9579,223.7139,228.7202
258.1047,244.6287,225.7341,224.5056,208.6247
200.4672,226.4496,246.2504,219.5593,229.3612
235.7097,237.4573,226.0547,238.3965,233.2566
227.4369,218.4206,237.8074,207.8944,228.973
246.069,226.4683,237.3837,226.2071,231.8194
224.8009,224.0019,212.4691,261.4193,218.4272
219.1011,230.6918,236.5109,235.697,244.1495
245.196,281.0602,245.2392,254.7229,257.0393
235.12,250.8268,232.2869,234.1961,229.4922
272.3281,252.7986,253.436,245.2517,234.1044
254.6225,251.1105,226.219,273.623,256.7098
245.9286,233.4889,240.2841,270.39,245.4554
225.9808,231.123,229.2364,255.23,331.8136
280.1855,344.2944,307.012,282.9456,271.075
248.8198,234.6761,221.1189,259.7377,261.0812
235.3784,213.4236,219.9215,270.9139,281.489
219.2104,233.3886,254.5962,248.315,231.1023
223.9651,230.0644,245.2988,273.2773,254.5841
254.4119,239.6077,224.9842,229.3921,235.7583
241.1801,247.6376,260.34,253.0613,247.9562
250.987,233.898,230.1134,246.9564,249.1916
246.9908,229.9282,245.5303,261.0408,243.9764
265.7976,234.0393,237.6478,247.106,241.3821
245.2864,241.6926,244.7376,239.947,251.169
218.3929,226.626,244.4309,233.0019,251.4202
248.8559,246.9089,231.5404,249.8503,248.9162
251.5917,242.0947,248.4867,241.5454,235.3157
225.1075,230.264,254.5739,234.6114,223.3477
231.635,243.2643,261.8437,239.9098,254.9932
259.3231,254.1337,249.5039,241.1996,232.4905
230.8484,248.6746,247.9994,255.3643,242.4016
222.7644,237.9683,220.4576,260.867,248.7846
254.9829,253.7873,229.184,230.5938,238.3346
245.6718,256.287,251.0844,240.1106,250.1738
233.9717,231.2408,235.8416,240.7711,256.0065
234.3685,243.5322,231.4087,242.1325,219.1196
238.0842,244.2091,259.0357,251.4379,248.6215
235.4052,215.7986,241.1933,244.2113,224.7418
227.564,237.5617,235.4712,263.8142,246.0049
246.2331,259.655,254.5567,238.6337,212.5951
224.0226,230.1571,245.935,221.2335,224.682
242.4689,235.7332,235.2517,244.7879,226.35
221.7729,235.3417,238.5269,233.5228,245.3958
251.9371,269.5374,244.1168,235.4128,244.9086
235.3161,248.3111,269.2423,309.2362,305.0663
317.2417,249.2396,243.5582,236.3664,217.1395
207.612,239.7089,261.5812,167.9846,236.0521
236.0521,237.7034,288.3741,246.4396,216.246
213.1888,230.7571,246.4722,244.8534,245.0853
236.0069,243.0005,251.6672,239.1829,240.332
235.5328,249.0033,250.4681,245.8326,255.3173
240.1893,242.0061,229.9561,246.2911,220.5124
208.8928,249.2704,245.5671,265.8287,254.6122
225.8452,222.6754,223.834,227.3538,215.1337
224.4522,237.4597,252.7715,240.1731,224.2774
258.8356,242.853,257.4428,237.0207,237.4703
230.4973,256.9445,254.9088,249.5454,248.4254
246.705,266.1006,257.01,226.6503,227.0322
235.7901,254.6626,248.174,248.9735,245.3455
254.7115,237.9577,235.841,225.5005,234.1365
231.0087,227.7659,239.4126,246.891,237.63
252.0209,239.5328,234.1283,223.302,227.4431
249.3504,262.0721,245.6037,238.5772,248.1021
243.2997,231.3682,241.5671,221.3828,246.7496
255.9416,270.2335,246.3969,245.7084,243.4868
246.3543,238.3352,214.796,238.7955,227.6582
252.4489,253.4435,246.3386,255.7698,270.4162
259.3832,232.9552,226.9824,228.9752,251.4138
242.769,242.568,247.3082,243.1039,236.0792
231.8948,232.3432,238.938,256.5583,261.8191
265.0838,245.7406,253.5846,258.0382,265.3434
260.78,257.7343,241.5034,245.9821,270.8896
270.031,276.115,279.0469,244.0161,260.6685
242.4812,233.6775,234.7899,239.7915,262.627
256.7986,252.9073,227.4807,227.3072,255.0225
251.735,252.1058,234.3077,239.3314,270.631
268.4757,267.7528,238.9949,308.6309,288.9646
297.8843,273.5671,265.7189,273.4327,276.6596
228.1646,220.2196,283.6883,308.1318,241.7725
223.8568,223.8568,223.8568,223.8568,234.1491
210.0837,197.5541,240.427,243.0712,241.3803
258.2075,263.0493,272.492,287.3947,263.0212
278.2082,227.4295,238.9037,238.9788,241.4042
248.1077,226.2791,209.8683,230.8518,245.0958
235.247,245.609,257.3868,258.4219,242.5835
270.4551,220.2495,224.5288,213.582,213.582
213.582,128.4535,264.3116,206.4286,222.354
233.7565,228.0622,209.6513,223.4442,219.6541
220.8671,222.1732,216.4734,216.4734,216.4734
192.9839,225.489,215.6006,242.1804,244.05
252.2261,262.7724,260.6368,252.9659,262.0423
252.5405,232.1278,246.0895,249.5687,263.2231
273.6633,267.4907,258.6974,235.5591,243.843
222.4433,240.7212,279.3951,276.6443,255.6293
270.6829,271.9111,262.6373,281.8654,244.244
223.7397,228.9754,239.5547,245.4996,258.094
287.3371,286.1084,276.0297,270.2822,239.5943
248.3025,243.5289,257.454,266.1188,274.4199
250.6659,267.1097,273.2722,267.3177,255.4139
259.3622,251.8043,251.4405,263.3379,247.4983
248.4374,258.8665,255.6094,266.511,232.1995
232.9591,243.4061,258.1873,279.3051,274.4454
271.698,264.9614,288.0256,261.4097,264.2066
262.5868,255.2131,273.9651,261.3496,270.5354
276.0442,262.3883,272.1402,277.0559,254.8442
242.1687,251.0211,257.336,266.3086,260.67
250.3437,256.3489,255.3684,247.417,252.972
236.6603,250.3216,254.1735,267.641,253.0226
252.9927,298.2742,255.5648,284.045,277.4022
246.0502,245.9946,258.1791,252.8287,265.5244
274.6037,261.8156,279.2373,283.2113,270.3937
273.0636,264.0091,257.5865,254.3284,262.7667
250.6825,270.3311,266.5249,268.2294,251.3082
249.0926,241.6205,243.2716,250.2623,242.4331
251.4826,260.5135,247.4729,254.1023,268.5154
231.2103,246.6144,248.0143,249.8493,236.7216
244.136,243.7847,252.0137,249.8887,251.3881
256.3902,237.4105,231.5909,239.5294,245.2768
247.1739,237.0867,242.877,252.8793,255.896
238.8472,228.9278,236.3032,254.6975,250.4145
263.6016,249.3052,276.6442,270.182,255.17
233.8942,229.0021,220.1592,241.7195,229.8987
246.0782,299.0382,336.3185,268.4179,277.025
275.2434,279.8122,240.4087,219.9464,219.9464
219.9464,270.3727,212.9149,264.3362,250.9255
246.7444,252.3673,264.6687,272.8416,256.735
280.3513,250.0709,246.9971,225.1917,226.4196
215.5934,241.3843,243.4403,230.0433,212.1641
187.546,198.8974,173.9157,142.9465,142.9465
161.4079,229.5546,231.9913,203.4685,222.3316
256.3127,212.3773,217.547,218.9506,238.3578
249.4825,245.0174,246.7626,233.2357,215.7688
213.3023,246.7629,238.8253,230.1248,238.7541
233.6013,233.2447,223.9513,237.7867,238.7896
245.8651,247.1572,230.3857,243.1696,235.4383
229.9196,234.9504,272.1186,238.9984,244.0029
246.5974,224.2042,252.7474,220.6387,212.7214
213.0635,228.2915,214.8115,214.5283,230.3019
220.3597,214.6226,227.4404,243.6882,246.769
235.9977,235.25,231.6117,232.5156,234.624
226.5296,216.3545,215.119,207.21,225.1471
220.4317,217.9639,219.0921,248.4119,239.2837
251.7262,225.0763,220.9628,217.1341,223.0642
229.0421,234.8514,243.7055,253.7971,230.9078
229.2316,229.2618,210.3179,221.1497,219.8589
239.2264,237.1843,245.2542,218.2604,230.0343
227.4577,236.7582,231.8214,234.329,229.0088
207.9283,217.3884,222.0321,224.2252,229.2208
232.2233,230.6338,262.042,242.8164,208.4785
207.6098,216.4985,237.5342,260.5425,236.2087
236.0102,217.7957,237.4225,228.4578,217.7704
224.5567,229.7976,227.1722,248.6448,239.6651
249.5216,221.6889,221.3822,226.8268,232.9696
240.8008,217.4278,207.6667,205.678,205.6224
210.6794,218.011,220.5721,250.5397,241.8724
240.1864,201.8605,207.6214,196.481,207.8037
207.9492,227.9744,215.6875,220.6121,224.9743
244.4023,228.3554,226.3861,210.3566,213.1587
222.6065,219.0858,214.3596,225.6949,244.5342
229.1913,245.7432,296.9623,296.9623,215.2831
215.2831,215.2831,210.7639,220.1708,223.9914
249.1898,277.6646,279.3339,255.9948,222.9405
185.285,207.9617,258.6949,264.8165,218.694
218.694,218.694,288.4952,283.7725,175.6038
197.4151,221.0492,260.1851,237.9167,275.1607
282.1426,265.4129,283.7725,260.9167,235.0831
225.8016,210.1237,198.3152,210.8859,215.5036
229.8386,265.303,217.4801,222.0776,206.5399
259.3145,176.7547,306.3526,246.4528,246.4528
246.2417,248.8597,271.936,234.4941,234.4905
233.2017,246.1839,249.4966,238.1102,240.706
234.5014,221.0461,212.3086,264.8621,250.0654
257.441,223.8673,242.4963,241.2071,249.5441
246.3281,236.8127,217.1456,230.9818,233.9013
234.7593,232.1749,243.9376,249.6009,249.5934
255.3658,227.1091,216.6249,245.4663,243.1151
252.3942,267.9013,250.8849,250.0863,240.9687
237.2085,252.4959,245.4069,258.1787,256.986
223.6597,235.7886,239.2421,253.04,246.1665
258.3422,236.8085,251.5531,251.386,242.8806
249.6146,235.4786,242.7811,260.7533,251.0163
233.9383,254.4555,264.3727,244.0592,246.5541
254.7368,250.5403,271.5123,237.4238,231.2493
239.5689,223.3094,234.814,262.0852,272.4786
254.0529,262.9179,270.5618,267.2867,257.8366
245.1997,240.4744,234.4138,249.8385,245.6767
246.3996,227.0643,224.4332,220.7368,225.4559
226.8634,214.9947,215.8363,209.6925,200.7122
202.0896,219.2167,188.4935,202.3778,200.8493
174.6998,175.4963,165.6369,169.2244,185.0959
188.3822,158.6277,175.132,176.9037,173.8605
191.1555,183.3993,189.4916,257.6187,251.05
245.2486,237.9444,240.1374,220.1573,202.9839
194.0571,179.6288,187.0479,180.2954,144.9353
122.2068,122.2068,122.2068,122.2068,122.2068
177.3082,177.3082,198.6752,180.8758,210.4754
210.4516,230.9188,236.8302,240.3928,257.1641
262.8247,252.3295,233.1916,250.5409,249.623
243.8216,256.2982,264.143,263.9927,267.567
228.295,256.3951,257.0239,254.6914,237.7974
244.2311,255.5197,247.5582,251.7801,231.0989
221.8373,215.864,253.0173,236.0634,247.6256
248.6066,236.9152,237.3416,244.0451,233.2375
224.6548,254.8751,256.4637,231.823,242.2767
253.3157,251.516,246.0141,230.3625,222.1765
261.8905,261.3854,277.1246,227.0679,227.2869
208.9084,235.9644,229.9707,239.4077,253.9084
244.7707,231.256,235.2726,255.2035,237.4355
204.9334,235.871,247.7353,252.0267,257.8723
260.7223,248.7313,254.3531,242.2305,244.6376
233.3816,243.7998,245.3181,235.6031,268.4299
254.1561,258.1505,261.0764,240.6474,235.5528
228.3406,238.1432,232.268,248.1304,266.2273
273.032,269.6261,259.2381,259.2883,241.1126
214.5572,247.7953,253.5941,258.4257,260.6798
254.5825,244.4777,251.0888,258.3423,255.4704
260.224,257.1035,250.3951,245.1529,258.3369
246.868,269.6839,247.1709,266.2509,252.3424
242.7402,245.9827,231.1645,233.2173,251.8972
260.4047,257.4056,254.1977,262.5763,261.6995
245.8054,258.4321,256.9053,228.5736,249.2528
257.8765,232.1329,241.4563,224.7309,220.4714
225.9778,230.253,245.9398,228.5924,248.9798
272.3469,262.6265,249.1047,249.2074,239.1854
235.1527,236.7042,231.4304,217.0662,209.6406
221.6631,237.4781,252.5902,249.5118,238.0157
242.9025,269.2535,264.0257,238.781,293.8235
286.8762,321.5713,256.8782,293.2498,271.5846
293.4855,288.8662,255.4699,254.6851,247.6992
274.4334,274.7338,194.3002,194.3002,219.0526
307.9152,310.68,227.2312,228.7754,211.1831
231.7863,240.2935,249.7518,270.5225,276.6073
299.3255,205.4994,209.7703,199.4157,196.3956
194.573,194.4124,187.9834,194.8589,198.3153
201.7378,205.5152,213.8838,223.0861,216.9257
235.0805,240.0275,232.7912,210.0023,211.865
224.6724,214.247,222.2555,226.289,215.3554
227.5906,224.4394,228.1856,228.1252,236.9199
233.0294,232.7807,214.3827,213.0874,237.227
234.9883,224.7933,231.2694,234.7488,234.6866
233.1456,225.0282,222.1498,193.5634,205.8051
223.3176,206.1344,222.7697,220.7551,225.9757
232.796,228.6754,219.3525,228.6191,217.628
239.7336,215.6177,236.6625,242.7985,236.7655
243.5587,255.9986,259.2541,260.0165,248.4777
235.5139,209.5306,217.153,222.0942,236.8385
225.7352,232.0751,227.3135,219.8748,225.3828
232.435,217.4441,209.315,198.5502,226.0511
235.2242,241.404,224.7135,244.5076,240.4757
240.0602,235.0284,233.5993,209.3833,214.6523
226.1151,210.3431,216.0194,212.2391,237.7153
234.0425,219.3406,200.2596,213.6877,240.9064
219.9581,210.8256,231.4559,233.7924,239.1631
232.9731,237.1337,218.8978,223.2163,227.8091
227.3187,225.5374,248.5265,201.6331,222.8213
231.2331,242.3089,256.2818,241.1272,240.4952
234.8416,227.014,243.1894,222.3872,220.8972
241.538,234.0525,246.2337,274.5504,233.975
210.0795,209.6798,214.6559,230.9471,224.3857
231.836,220.3571,236.1982,234.8065,247.8119
220.554,223.7005,249.0354,234.8924,227.3978
243.9295,262.2427,269.163,267.2229,261.5588
250.2676,229.4126,218.1411,222.2711,193.0736
166.5953,43.78447,244.2717,89.97914,170.9468
184.5699,200.8065,223.6472,235.0659,243.0488
249.621,229.6452,335.239,332.378,208.5603
231.2869,222.1937,207.1033,191.5842,200.8369
215.2631,221.4363,207.5585,208.9241,211.6032
214.2476,214.0407,207.7825,194.0415,210.2889
213.4966,210.0698,225.0234,223.781,223.0057
220.7019,228.3766,230.1178,225.5508,215.4102
220.6692,200.3737,211.1965,232.3247,222.4992
219.5442,224.4652,209.4995,218.2946,214.9518
194.5159,204.8455,211.1973,206.073,219.1398
209.3036,231.1048,217.8412,210.4529,213.8178
223.0564,217.2817,218.6968,205.733,203.3849
210.0007,224.5684,210.4903,227.8217,218.0326
215.2744,210.5616,230.2285,205.1151,207.0993
213.4181,221.037,234.2825,238.0481,233.9854
228.4531,215.9485,218.3289,203.2035,214.047
189.6142,200.6828,227.3678,236.5745,228.6808
229.5579,225.6854,228.2428,222.9786,228.9122
219.9134,209.4904,227.1859,226.436,231.3407
229.8111,234.3132,219.7863,220.3907,232.9322
213.4169,192.3699,226.8964,218.1074,219.9957
223.4135,218.1891,222.1996,202.2038,209.2337
201.374,206.9596,219.7373,199.146,198.0748
204.5539,206.307,212.9492,207.0555,210.441
203.0614,215.4051,227.8935,215.5965,196.4567
195.5042,198.8261,215.2427,222.6864,226.6526
213.4085,220.3773,205.3779,212.7866,199.9009
193.8048,193.0615,199.4963,218.8005,218.3435
210.3702,203.6813,214.8569,208.7139,205.0824
197.0449,198.802,195.9759,220.3658,225.8016
239.8626,268.1179,259.4408,247.3487,268.0141
243.1518,233.3122,229.3234,231.511,227.0644
243.8445,229.8356,247.3417,247.3417,191.4208
264.9451,211.8097,251.7101,246.8815,234.8748
250.5552,262.1352,286.196,302.1424,290.8873
231.4971,244.6168,241.3398,262.5463,245.8617
224.4972,236.6235,231.7943,218.5486,226.4155
219.1131,234.9373,227.8342,237.8101,241.2717
243.1574,244.5157,246.1437,217.2282,219.5072
241.0962,232.8305,236.6651,218.8607,220.2694
228.0404,245.1952,232.967,229.0299,214.0175
214.5809,208.2434,223.6327,240.229,219.7473
245.4576,236.762,237.2795,226.7144,209.1806
209.1428,227.2204,212.094,224.2428,239.1052
226.7352,231.1037,231.4685,236.6939,220.4124
219.8742,217.4483,236.4045,205.9658,213.662
213.1208,237.9141,224.2644,247.877,240.3521
226.4881,216.8707,217.9323,233.0099,227.6924
228.269,229.4183,235.1097,228.0604,226.9561
221.0139,217.0524,229.8603,243.9612,241.567
247.6113,223.8787,238.825,228.0305,227.1727
231.7161,209.5652,221.919,234.9313,232.3508
228.3597,236.2837,220.8084,232.4219,247.7114
245.6548,244.3264,225.4875,220.2222,225.4049
228.5091,242.4182,249.1063,224.2577,218.5328
218.3023,223.6335,214.3294,205.4792,207.3174
209.8461,225.2238,230.5368,236.694,226.8147
213.0756,221.4557,231.7774,239.2618,205.0632
208.9682,213.9443,208.3836,219.9318,238.2374
205.4771,224.6226,230.7907,225.3569,209.6681
203.3256,205.0918,209.7821,215.2319,219.6284
217.0172,220.0783,206.5558,216.3633,220.0432
220.0432,220.0432,235.3278,232.3272,204.7698
225.3852,215.411,228.0176,229.4624,222.6406
298.0078,226.1261,253.0877,247.6818,223.7027
209.5835,205.1371,201.2709,183.0659,152.9551
207.1353,207.1353,232.0967,231.3572,227.7083
196.445,200.7821,213.1979,221.9997,237.0091
233.8766,235.0399,221.2468,225.55,220.0762
200.7956,188.0564,202.6186,211.1402,213.7766
220.8401,217.7785,206.392,213.5628,205.3697
211.1273,213.1116,216.5223,207.7061,226.7353
219.6466,226.0554,212.2018,218.1918,204.6705
216.1767,212.805,214.1152,199.4545,210.9666
201.3231,224.4194,232.9376,235.2852,232.7506
225.0788,223.3152,220.9229,211.8919,215.3929
202.1784,231.7075,235.1814,235.94,231.8694
225.7229,213.0761,223.8697,220.6962,219.2583
209.2557,219.2262,223.8598,231.0342,240.7972
241.9471,241.6621,251.2684,233.8939,219.777
224.0073,210.9577,209.0461,238.673,224.0531
231.3095,232.3882,230.9655,229.9134,224.2138
222.6676,232.0194,228.5915,223.5397,228.6092
214.8018,244.3498,240.9067,226.7121,221.4184
228.2685,231.8107,233.011,224.2071,219.0235
200.7532,199.7726,219.4858,223.7939,203.5498
239.379,227.2093,207.4653,229.6908,236.027
230.237,215.1352,194.0486,187.2179,203.2331
210.2849,235.2724,346.7096,274.203,225.2395
239.5749,211.4154,246.2131,219.401,228.1821
223.5214,218.1714,207.323,223.6272,228.6874
212.0841,210.6077,204.5862,217.5843,222.1656
235.5972,223.3196,232.8103,225.1521,210.0601
207.7013,209.4669,225.006,235.8494,193.6782
234.704,239.2797,228.8265,225.642,213.0568
215.3605,214.0155,225.1327,215.5939,214.1773
205.1797,206.0736,223.3576,222.4341,300.9785
258.1001,303.1867,267.8791,201.8081,190.4784
182.9715,202.2094,199.9312,198.6586,226.589
219.7826,218.0764,218.0764,231.1876,213.7466
206.2578,243.1618,247.128,254.4735,274.8076
265.8287,227.7684,248.9433,249.355,249.9374
247.2754,233.0952,233.3841,243.5092,237.3307
246.1541,234.8556,241.0218,238.2151,237.6081
220.3728,211.3937,235.39,235.3116,245.8676
238.5094,230.2913,231.4855,230.6194,222.3912
229.2751,203.4953,224.9852,204.3784,254.3599
230.6298,216.5437,236.2516,232.2014,235.6853
234.4877,221.9305,214.2215,218.6592,215.5058
213.2472,220.097,217.5856,210.8181,210.2696
231.5433,211.3911,210.0357,214.2461,212.0598
230.0372,241.1865,239.0045,226.4633,254.7269
233.1213,236.6403,228.883,229.0236,226.0635
243.282,242.6105,243.5016,250.1132,230.8866
250.4705,240.3034,245.1543,225.4514,222.2175
221.931,239.0563,248.7683,240.2677,253.5587
228.8676,226.7701,219.7555,223.8498,221.4329
237.5882,240.0023,240.5315,237.5579,246.1181
243.5632,240.2698,226.4351,212.5652,236.6852
210.6023,227.3735,248.7539,242.782,238.4491
246.0935,240.384,240.2041,221.9214,216.6122
211.1683,228.7701,226.7793,236.6164,253.2471
243.4192,230.3176,228.6322,238.3686,205.3304
204.2299,227.2231,211.7753,232.2162,236.18
228.0299,235.5291,235.3421,236.1477,233.6013
214.8812,215.2599,206.314,220.9795,219.1458
213.1448,212.4844,223.4615,225.2824,241.1521
221.4472,219.2432,213.7528,218.8867,225.6377
226.3788,222.3374,228.1367,218.0941,239.9982
221.687,216.5443,218.6489,229.0565,224.1133
292.5725,296.2053,296.0647,257.8354,241.6736
223.8229,210.1228,249.3074,210.9992,166.1288
58.8933,236.8572,229.9329,258.2977,258.2977
176.3862,176.3862,194.3927,190.7114,204.3378
241.0838,244.2082,222.6918,226.2451,218.9583
217.5663,226.1682,220.0208,219.166,211.5083
202.9165,209.5647,227.4593,229.9596,232.1331
216.7404,242.3894,220.9367,222.3232,209.5125
211.4084,204.218,233.8449,229.6035,236.8351
227.7102,216.1044,220.7002,229.0018,228.6826
243.606,224.9406,213.7399,220.215,227.9556
217.0068,235.1585,217.3973,226.9839,218.0151
215.0091,218.4747,220.593,227.5436,221.2789
235.6387,223.4014,217.5683,220.3331,219.9402
213.8851,228.2004,215.1643,232.4006,226.5697
225.5544,229.1249,215.7866,223.8188,225.0634
219.2181,206.2919,219.1177,215.0311,227.6549
226.6443,223.8289,218.2697,223.2424,226.0766
207.9097,208.9346,208.0099,221.6739,237.6959
236.0334,220.8865,220.8204,224.2932,225.4697
222.2457,208.6142,227.4854,234.096,222.8486
234.2355,225.7012,218.6511,225.5694,215.7881
201.1078,193.9207,212.0208,207.3318,212.93
218.5818,223.9986,209.4668,221.7674,212.6019
215.297,213.0191,207.85,197.7645,218.3444
216.2209,210.4166,198.9449,214.8308,210.8581
218.2428,204.4899,187.5242,213.8164,221.0288
219.1394,221.8628,219.9054,218.3691,229.7768
207.9089,210.2369,195.0203,219.8491,214.4487
232.884,235.5252,212.9515,228.8677,208.1238
225.5666,229.1727,229.6222,218.703,217.2633
215.9059,219.8727,211.3703,211.495,218.5514
230.1136,235.6042,218.2211,225.7376,297.1246
265.9045,286.5733,294.7441,274.8901,257.6906
247.6073,222.1342,227.5316,235.7393,243.5383
241.2936,236.22,236.22,169.7889,169.7889
194.9104,208.1459,192.9348,199.6753,235.5709
242.2036,265.835,238.9229,264.0284,242.847
224.8149,210.2367,215.115,223.4874,261.0971
274.2802,262.1102,259.9324,238.0286,237.0676
245.5336,252.4206,239.4741,230.279,247.0788
247.9679,253.5107,251.269,236.8331,222.7797
237.1989,225.6532,235.7746,214.3364,212.2752
219.1107,251.9256,244.4384,251.7938,233.2542
240.7134,229.8005,235.0024,231.7059,229.5961
214.1348,234.5536,247.2226,250.5451,240.6836
240.993,236.8475,235.5234,233.4938,229.6349
234.6585,229.7152,239.2029,255.7451,246.6364
232.4435,245.2411,235.7112,248.2704,240.0819
212.1861,193.6883,218.398,235.6937,238.2377
238.2161,240.5497,232.3127,220.9698,219.9241
231.4187,219.4644,229.4112,225.5707,238.0356
239.8705,244.2126,231.5479,224.7626,223.9545
236.3321,243.0833,218.7618,218.6462,227.5585
233.0588,246.3509,243.217,242.8817,241.7831
253.1621,253.5425,250.4415,176.7286,251.3124
239.8835,258.1756,251.9561,306.4744,301.4698
251.9378,258.4177,225.7839,215.6644,228.8785
221.5766,252.3892,244.9382,253.9919,269.8208
286.4024,302.0621,314.6625,303.0226,280.3157
253.7291,266.6217,248.0417,231.7057,237.7685
238.8121,238.3538,245.6773,249.108,220.0586
232.3966,232.2514,257.0271,258.3711,259.9919
243.1101,232.9522,233.4442,227.7421,215.4704
233.6507,225.004,233.5808,259.5598,246.4125
242.6232,248.4169,234.1891,244.1214,251.8259
317.7025,353.1801,320.3217,319.0227,289.6083
282.758,240.1773,264.5852,257.5689,252.6499
252.0224,220.5828,220.5828,244.2721,240.4212
251.2676,245.1582,245.7115,256.721,274.0975
251.56,236.815,249.4363,244.4211,240.4214
243.6984,246.2684,240.8648,282.819,251.4743
255.6299,253.1328,227.5118,228.6501,262.0561
261.9048,270.3966,273.2064,264.0997,260.1197
237.3487,227.6678,241.0626,249.6143,228.7936
237.223,222.3865,242.3968,263.3605,255.5268
255.2334,248.7024,247.0951,239.7462,229.5794
246.7566,253.2768,230.4989,254.5802,267.8867
217.6878,234.4869,244.9648,244.3132,260.9634
250.2125,253.3822,229.4675,236.0002,213.4038
221.0732,252.614,230.8638,264.8014,230.8175
241.8077,260.0273,261.5341,246.8991,226.2681
258.4933,263.7874,240.2095,236.9789,247.8085
235.3453,247.7572,263.8705,230.7762,224.5421
225.2336,231.187,222.4108,244.597,229.8488
238.4729,249.3429,241.2262,223.7811,239.7773
226.1057,242.3414,244.2782,235.7124,222.3776
241.1201,243.167,246.2125,242.3552,215.9281
228.188,249.2013,235.9525,247.4419,234.015
260.1998,231.7801,240.7452,237.9947,248.2708
240.3094,241.2842,257.4444,233.9921,239.9527
234.3855,227.1619,231.4849,223.6214,239.5742
250.7451,258.9352,241.158,301.2137,290.9949
255.7321,244.9361,242.1559,229.3503,220.3171
263.7947,246.297,91.7997,258.0966,258.0966
253.8492,149.3839,178.5073,202.2498,215.5056
223.2597,240.7312,244.371,247.8671,252.5864
259.6713,280.312,259.7391,222.9271,214.8818
222.2278,218.3036,240.4935,233.2272,238.862
229.0453,246.3837,232.6777,221.1933,217.7483
215.9782,223.9049,225.4922,226.4631,228.7796
223.6531,237.8323,235.4711,244.4349,241.7771
232.314,241.4069,218.172,209.9966,233.9288
242.919,253.5332,240.2351,238.407,238.7916
232.0953,216.3198,228.5019,238.7501,256.9441
271.0571,268.573,252.9433,253.7541,250.2979
236.69,250.2711,231.279,224.1689,221.9384
227.0414,234.376,242.5455,234.1823,228.5018
248.4618,233.1204,225.9025,217.0387,238.5104
243.8664,258.098,237.8485,230.3673,227.9833
240.0266,222.3554,226.3592,223.7373,225.1483
252.0447,246.5891,244.3516,238.4227,226.9329
243.2242,229.417,234.2146,222.2531,225.2836
221.2606,240.1062,226.1839,243.5978,246.7828
253.7828,239.3151,233.899,238.3839,249.7381
248.4399,246.4976,249.653,243.8255,239.9837
244.5972,247.6585,245.0962,230.1835,240.325
250.2367,240.7675,252.9252,236.4393,245.7545
223.6128,248.7637,226.2677,234.5209,231.0823
248.2448,268.6551,269.867,250.2049,247.8614
240.7793,241.9314,241.777,238.0946,230.6253
227.3433,258.8571,260.9516,232.2744,242.21
241.1911,246.7141,257.5635,241.1863,245.6092
228.7237,245.5668,240.8677,253.3252,254.424
250.7309,245.5583,322.364,299.9847,272.7248
284.6786,262.334,260.754,263.1205,246.5005
233.2246,260.9643,241.3872,239.4864,239.4864
176.9577,210.0837,197.5541,240.427,216.9647
241.3803,240.8325,263.0493,272.492,287.3947
263.0212,241.4479,227.4295,233.0098,238.9788
248.1077,249.4543,209.8683,227.2608,230.8518
235.247,237.045,257.3868,269.607,242.5835
274.2591,220.2495,236.1848,224.5288,244.2721
250.8091,235.8373,236.8076,210.558,213.7327
246.1444,274.7917,327.3858,343.6781,341.5393
319.0368,236.6333,233.5052,234.7431,229.826
244.5092,234.0176,225.7438,235.9132,219.1914
232.0951,229.6733,225.4973,241.838,242.4226
241.1343,252.7142,232.5681,238.7748,227.8454
238.8504,242.6514,239.7421,249.4436,244.4461
260.3072,239.6793,241.107,234.2577,230.166
242.9733,237.3327,229.6932,240.1694,261.2915
246.6292,239.8784,243.9042,238.4256,234.7583
222.4424,206.4555,235.3128,243.5945,245.3316
252.478,249.6243,222.7217,228.9841,221.1924
246.1735,237.174,224.2414,221.2777,203.1764
249.3935,233.3873,214.4231,221.0038,247.0905
216.0995,222.7604,199.0032,203.8265,238.4106
224.2369,231.1779,231.594,225.2971,218.4681
205.9681,227.8469,214.5493,88.45116,88.45116
88.45116,88.45116,88.45116,88.45116,88.45116
88.45116,88.45116,88.45116,88.45116,88.45116
88.45116,88.45116,88.45116,88.45116,88.45116
88.45116,88.45116,88.45116,88.45116,88.45116
88.45116,88.45116,88.45116,88.45116,88.45116
88.45116,88.45116,88.45116,88.45116,88.45116
88.45116,88.45116,88.45116,88.45116,88.45116
88.45116,88.45116,88.45116,88.45116,88.45116
88.45116,88.45116,88.45116,88.45116,88.45116
88.45116,88.45116,88.45116,88.45116,88.45116
88.45116,88.45116,88.45116,88.45116,88.45116
88.45116,88.45116,88.45116,88.45116,88.45116
88.45116,88.45116,88.45116,88.45116,88.45116
88.45116,88.45116,88.45116,88.45116,88.45116
88.45116,88.45116,88.45116,88.45116,88.45116
88.45116,88.45116,88.45116,88.45116,88.45116
88.45116,88.45116,88.45116,88.45116,88.45116
88.45116,88.45116,88.45116,88.45116,88.45116
88.45116,88.45116,88.45116,88.45116,88.45116
88.45116,88.45116,88.45116,88.45116,88.45116
88.45116,88.45116,88.45116,88.45116,88.45116
88.45116,88.45116,88.45116,88.45116,88.45116
88.45116,88.45116,88.45116,88.45116,88.45116
88.45116,88.45116,88.45116,88.45116,88.45116
88.45116,88.45116,88.45116,88.45116,88.45116
88.45116,88.45116,88.45116,88.45116,88.45116
88.45116,88.45116,88.45116,88.45116,88.45116
88.45116,88.45116,88.45116,88.45116,88.45116
88.45116,88.45116,88.45116,88.45116,88.45116
88.45116,88.45116,88.45116,88.45116,88.45116
88.45116,88.45116,88.45116,88.45116,88.45116
88.45116,88.45116,88.45116,88.45116,88.45116
88.45116,88.45116,88.45116,88.45116,88.45116
88.45116,88.45116,88.45116,88.45116,88.45116
88.45116,88.45116,88.45116,88.45116,88.45116
88.45116,88.45116,88.45116,88.45116,88.45116
88.45116,88.45116,88.45116,88.45116,88.45116
88.45116,88.45116,88.45116,88.45116,88.45116
88.45116,88.45116,88.45116,88.45116,88.45116
88.45116,88.45116,88.45116,88.45116,88.45116
88.45116,88.45116,88.45116,88.45116,88.45116
88.45116,88.45116,88.45116,88.45116,88.45116
88.45116,88.45116,88.45116,88.45116,88.45116
88.45116,88.45116,88.45116,88.45116,88.45116
88.45116,88.45116,88.45116,88.45116,88.45116
88.45116,88.45116,88.45116,88.45116,88.45116
88.45116,88.45116,88.45116,88.45116,88.45116
88.45116,88.45116,88.45116,88.45116,88.45116
88.45116,88.45116,88.45116,88.45116,88.45116
88.45116,88.45116,88.45116,88.45116,88.45116
88.45116,88.45116,88.45116,88.45116,88.45116
88.45116,88.45116,88.45116,88.45116,88.45116
88.45116,88.45116,88.45116,88.45116,88.45116
88.45116,88.45116,88.45116,88.45116,88.45116
88.45116,88.45116,88.45116,88.45116,88.45116
88.45116,88.45116,88.45116,88.45116,88.45116
88.45116,88.45116,88.45116,88.45116,88.45116
88.45116,88.45116,88.45116,88.45116,88.45116
88.45116,88.45116,88.45116,88.45116,88.45116
88.45116,88.45116,88.45116,88.45116,88.45116
88.45116,88.45116,88.45116,88.45116,88.45116
88.45116,88.45116,88.45116,88.45116,88.45116
88.45116,88.45116,88.45116,88.45116,88.45116
88.45116,88.45116,88.45116,88.45116,88.45116
88.45116,88.45116,88.45116,88.45116,88.45116
88.45116,88.45116,88.45116,88.45116,88.45116
88.45116,88.45116,88.45116,88.45116,88.45116
88.45116,88.45116,88.45116,88.45116,88.45116
88.45116,88.45116,88.45116,88.45116,88.45116
88.45116,88.45116,88.45116,88.45116,88.45116
88.45116,88.45116,88.45116,88.45116,88.45116
88.45116,88.45116,88.45116,88.45116,88.45116
88.45116,88.45116,88.45116,88.45116,88.45116
88.45116,88.45116,88.45116,88.45116,88.45116
88.45116,88.45116,88.45116,88.45116,88.45116
88.45116,88.45116,88.45116,88.45116,88.45116
88.45116,88.45116,88.45116,88.45116,88.45116
88.45116,88.45116,88.45116,88.45116,88.45116
88.45116,88.45116,88.45116,88.45116,88.45116
88.45116,88.45116,88.45116,88.45116,88.45116
88.45116,88.45116,88.45116,88.45116,88.45116
88.45116,88.45116,88.45116,88.45116,88.45116
88.45116,88.45116,88.45116,88.45116,88.45116
88.45116,88.45116,88.45116,88.45116,88.45116
88.45116,88.45116,88.45116,88.45116,88.45116
88.45116,88.45116,88.45116,88.45116,88.45116
88.45116,88.45116,88.45116,88.45116,88.45116
88.45116,88.45116,88.45116,88.45116,88.45116
88.45116,88.45116,88.45116,88.45116,88.45116
88.45116,88.45116,88.45116,88.45116,88.45116
88.45116,88.45116,88.45116,88.45116,88.45116
88.45116,88.45116,88.45116,88.45116,88.45116
88.45116,88.45116,88.45116,88.45116,88.45116
88.45116,88.45116,88.45116,88.45116,88.45116
88.45116,88.45116,88.45116,88.45116,88.45116
88.45116,88.45116,88.45116,88.45116,88.45116
88.45116,88.45116,88.45116,88.45116,88.45116
88.45116,88.45116,88.45116,88.45116,88.45116
88.45116,88.45116,88.45116,88.45116,88.45116
88.45116,88.45116,88.45116,88.45116,88.45116
88.45116,88.45116,88.45116,88.45116,88.45116
88.45116,88.45116,88.45116,88.45116,88.45116
88.45116,88.45116,88.45116,88.45116,88.45116
88.45116,88.45116,88.45116,88.45116,88.45116
88.45116,88.45116,88.45116,88.45116,88.45116
88.45116,88.45116,88.45116,88.45116,88.45116
88.45116,88.45116,88.45116,88.45116,88.45116
88.45116,88.45116,88.45116,88.45116,88.45116
88.45116,88.45116,88.45116,88.45116,88.45116
88.45116,88.45116,88.45116,88.45116,88.45116
88.45116,88.45116,88.45116,88.45116,88.45116
88.45116,88.45116,88.45116,88.45116,88.45116
88.45116,88.45116,88.45116,88.45116,88.45116
88.45116,88.45116,88.45116,88.45116,88.45116
88.45116,88.45116,88.45116,88.45116,88.45116
88.45116,88.45116,88.45116,88.45116,88.45116
88.45116,88.45116,88.45116,88.45116,88.45116
88.45116,88.45116,88.45116,88.45116,88.45116
88.45116,88.45116,88.45116,88.45116,88.45116
88.45116,88.45116,88.45116,88.45116,88.45116
88.45116,88.45116,88.45116,88.45116,88.45116
88.45116,88.45116,88.45116,88.45116,88.45116
88.45116,88.45116,88.45116,88.45116,88.45116
88.45116,88.45116,88.45116,88.45116,88.45116
88.45116,88.45116,88.45116,88.45116,88.45116
88.45116,88.45116,88.45116,88.45116,88.45116
88.45116,88.45116,88.45116,88.45116,88.45116
88.45116,88.45116,88.45116,88.45116,88.45116
88.45116,88.45116,88.45116,88.45116,88.45116
88.45116,88.45116,88.45116,88.45116,88.45116
88.45116,88.45116,88.45116,88.45116,88.45116
88.45116,88.45116,88.45116,88.45116,88.45116
88.45116,88.45116,88.45116,88.45116,88.45116
88.45116,88.45116,88.45116,88.45116,88.45116
88.45116,88.45116,88.45116,88.45116,88.45116
88.45116,88.45116,88.45116,88.45116,88.45116
88.45116,88.45116,88.45116,88.45116,88.45116
88.45116,88.45116,88.45116,88.45116,88.45116
88.45116,88.45116,88.45116,88.45116,88.45116
88.45116,88.45116,88.45116,88.45116,88.45116
88.45116,88.45116,88.45116,88.45116,88.45116
88.45116,88.45116,88.45116,88.45116,88.45116
88.45116,88.45116,88.45116,88.45116,88.45116
88.45116,88.45116,88.45116,88.45116,88.45116
88.45116,88.45116,88.45116,88.45116,88.45116
88.45116,88.45116,88.45116,88.45116,88.45116
88.45116,88.45116,88.45116,88.45116
